{
     "en": {
         "pageTitle": "Mentor List",
         "firstNameTitle": "First Name",
         "lastNameTitle": "Last Name",
         "companyEmailAddressTitle": "Company Email Address",
         "passwordTitle": "Password",
         "confirmPasswordTitle": "Confirm Password",
         "companyLogoTitle": "Company Logo",
         "companyAddressTitle": "Company Address",
         "managerNameTitle": "Recruiting Manager Name",
         "companyPhoneNoTitle": "Company Phone Number",
         "countryTitle": "Country",
         "stateTitle": "State",
         "cityTitle": "City",
         "prevTitle": "Previous",
         "nextTitle": "Next"
     }
 }