{
  "en": {
    "pageTitle": "Mentor List",
    "firstNameTitle": "First Name",
    "lastNameTitle": "Last Name",
    "emailAddressTitle": "Email Address",
    "passwordTitle": "Password",
    "confirmPasswordTitle": "Confirm Password",
    "recaptchaLabel": "Please check the below to proceed.",
    "genderTitle": "Gender",
    "maleTitle": "Male",
    "feMaleTitle": "Female",
    "ageTitle": "Age",
    "addressTitle": "Address",
    "addressTitleLine1": "Address Line 1",
    "addressTitleLine2": "Address Line 2",
    "countryTitle": "Country",
    "stateTitle": "State",
    "cityTitle": "City",
    "zipcodeTitle": "Zip Code",
    "qualificationTitle": "Qualification",
    "interestedAreaTitle": "Interested areas",
    "uploadPhotoTitle": "Upload Photo",
    "collegeTitle": "College / university name",
    "onSiteTitle": "Onsite",
    "offSiteTitle": "Offsite",
    "noTitle": "No",
    "yesTitle": "Yes",
    "workingTitle": "Working",
    "prevTitle": "Previous",
    "nextTitle": "Next",
    "submitTitle": "Submit",
    "resumeTitle": "Upload resume",
    "extraCertificateTitle": "Extra certificates",
    "expectedSalary": "Expected salary"
  }
}
