{
     "en": {
         "pageTitle": "Mentor List",
         "firstNameTitle": "First Name",
         "lastNameTitle": "Last Name",
         "emailAddressTitle": "Email Address",
         "passwordTitle": "Password",
         "confirmPasswordTitle": "Confirm Password",
         "recaptchaLabel": "Please check the below to proceed.",
         "genderTitle": "Gender",
         "maleTitle": "Male",
         "feMaleTitle": "Female",
         "ageTitle": "Age",
         "addressTitle": "Address",
         "countryTitle": "Country",
         "stateTitle": "State",
         "cityTitle": "City",
         "zipcodeTitle": "Zip Code",
         "qualificationTitle": "Qualification",
         "interestedAreaTitle":"Interested areas",
         "uploadPhotoTitle": "Upload Photo",
         "collegeTitle": "College / university name",
         "onSiteTitle": "Onsite",
         "offSiteTitle": "Offsite",
         "noTitle": "No",
         "yesTitle": "No",
         "workingTitle": "Working",
         "prevTitle": "Previous",
         "nextTitle": "Next"
     }
 }